URL,Version,Status,OIDs,Name,Title,Description,Used
http://dicom.nema.org/resources/ontology/DCM,2022.4.20221006,active,"1.2.840.10008.2.16.4",DICOMTerminologyDefinitions,DICOM Controlled Terminology Definitions,"DICOM Code Definitions (Coding Scheme Designator ""DCM"" Coding Scheme Version 2022.4.20221006","ValueSet/dicom-cid-29-AcquisitionModality"
http://hl7.org/fhir/CodeSystem/medicationrequest-intent,4.0.1,draft,"2.16.840.1.113883.4.642.4.1378",medicationRequest Intent,Medication request  intent,"MedicationRequest Intent Codes","ValueSet/medicationrequest-intent"
http://hl7.org/fhir/CodeSystem/medicationrequest-status,4.0.1,draft,"2.16.840.1.113883.4.642.4.1377",medicationrequest Status,Medicationrequest  status,"MedicationRequest Status Codes","ValueSet/medicationrequest-status"
http://hl7.org/fhir/administrative-gender,4.0.1,active,"2.16.840.1.113883.4.642.4.2",AdministrativeGender,AdministrativeGender,"The gender of a person used for administrative purposes.","ValueSet/administrative-gender"
http://hl7.org/fhir/bundle-type,4.0.1,active,"2.16.840.1.113883.4.642.4.621",BundleType,BundleType,"Indicates the purpose of a bundle - how it is intended to be used.","ValueSet/bundle-type"
http://hl7.org/fhir/claim-use,4.0.1,draft,"2.16.840.1.113883.4.642.4.545",Use,Use,"The purpose of the Claim: predetermination, preauthorization, claim.","ValueSet/claim-use"
http://hl7.org/fhir/composition-status,4.0.1,draft,"2.16.840.1.113883.4.642.4.242",CompositionStatus,CompositionStatus,"The workflow/clinical status of the composition.","ValueSet/composition-status"
http://hl7.org/fhir/contact-point-system,4.0.1,active,"2.16.840.1.113883.4.642.4.72",ContactPointSystem,ContactPointSystem,"Telecommunications form for contact point.","ValueSet/contact-point-system"
http://hl7.org/fhir/contact-point-use,4.0.1,active,"2.16.840.1.113883.4.642.4.74",ContactPointUse,ContactPointUse,"Use of contact point.","ValueSet/contact-point-use"
http://hl7.org/fhir/days-of-week,4.0.1,active,"2.16.840.1.113883.4.642.4.513",DaysOfWeek,DaysOfWeek,"The days of the week.","ValueSet/days-of-week"
http://hl7.org/fhir/diagnostic-report-status,4.0.1,draft,"2.16.840.1.113883.4.642.4.236",DiagnosticReportStatus,DiagnosticReportStatus,"The status of the diagnostic report.","ValueSet/diagnostic-report-status"
http://hl7.org/fhir/document-reference-status,4.0.1,draft,"2.16.840.1.113883.4.642.4.8",DocumentReferenceStatus,DocumentReferenceStatus,"The status of the document reference.","ValueSet/document-reference-status"
http://hl7.org/fhir/document-relationship-type,4.0.1,draft,"2.16.840.1.113883.4.642.4.245",DocumentRelationshipType,DocumentRelationshipType,"The type of relationship between documents.","ValueSet/document-relationship-type"
http://hl7.org/fhir/encounter-location-status,4.0.1,draft,"2.16.840.1.113883.4.642.4.263",EncounterLocationStatus,EncounterLocationStatus,"The status of the location.","ValueSet/encounter-location-status"
http://hl7.org/fhir/encounter-status,4.0.1,draft,"2.16.840.1.113883.4.642.4.247",EncounterStatus,EncounterStatus,"Current state of the encounter.","ValueSet/encounter-status"
http://hl7.org/fhir/event-status,4.0.1,draft,"2.16.840.1.113883.4.642.4.110",EventStatus,EventStatus,"Codes identifying the lifecycle stage of an event.","ValueSet/event-status"
http://hl7.org/fhir/event-timing,4.0.1,active,"2.16.840.1.113883.4.642.4.76",EventTiming,EventTiming,"Real world event relating to the schedule.","ValueSet/event-timing"
http://hl7.org/fhir/fm-status,4.0.1,draft,"2.16.840.1.113883.4.642.4.593",FinancialResourceStatusCodes,Financial Resource Status Codes,"This value set includes Status codes.","ValueSet/fm-status"
http://hl7.org/fhir/http-verb,4.0.1,active,"2.16.840.1.113883.4.642.4.625",HTTPVerb,HTTPVerb,"HTTP verbs (in the HTTP command line). See [HTTP rfc](https://tools.ietf.org/html/rfc7231) for details.","ValueSet/http-verb"
http://hl7.org/fhir/identifier-use,4.0.1,active,"2.16.840.1.113883.4.642.4.58",IdentifierUse,IdentifierUse,"Identifies the purpose for this identifier, if known .","ValueSet/identifier-use"
http://hl7.org/fhir/imagingstudy-status,4.0.1,draft,"2.16.840.1.113883.4.642.4.991",ImagingStudyStatus,ImagingStudyStatus,"The status of the ImagingStudy.","ValueSet/imagingstudy-status"
http://hl7.org/fhir/issue-severity,4.0.1,active,"2.16.840.1.113883.4.642.4.409",IssueSeverity,IssueSeverity,"How the issue affects the success of the action.","ValueSet/issue-severity"
http://hl7.org/fhir/issue-type,4.0.1,active,"2.16.840.1.113883.4.642.4.411",IssueType,IssueType,"A code that describes the type of issue.","ValueSet/issue-type"
http://hl7.org/fhir/link-type,4.0.1,active,"2.16.840.1.113883.4.642.4.424",LinkType,LinkType,"The type of link between this patient resource and another patient resource.","ValueSet/link-type"
http://hl7.org/fhir/name-use,4.0.1,active,"2.16.840.1.113883.4.642.4.66",NameUse,NameUse,"The use of a human name.","ValueSet/name-use"
http://hl7.org/fhir/note-type,4.0.1,draft,"2.16.840.1.113883.4.642.4.16",NoteType,NoteType,"The presentation types of notes.","ValueSet/note-type"
http://hl7.org/fhir/observation-status,4.0.1,active,"2.16.840.1.113883.4.642.4.401",ObservationStatus,ObservationStatus,"Codes providing the status of an observation.","ValueSet/observation-status"
http://hl7.org/fhir/quantity-comparator,4.0.1,active,"2.16.840.1.113883.4.642.4.60",QuantityComparator,QuantityComparator,"How the Quantity should be understood and represented.","ValueSet/quantity-comparator"
http://hl7.org/fhir/remittance-outcome,4.0.1,draft,"2.16.840.1.113883.4.642.4.14",ClaimProcessingCodes,Claim Processing Codes,"This value set includes Claim Processing Outcome codes.","ValueSet/remittance-outcome"
http://hl7.org/fhir/request-priority,4.0.1,draft,"2.16.840.1.113883.4.642.4.116",RequestPriority,RequestPriority,"Identifies the level of importance to be assigned to actioning the request.","ValueSet/request-priority"
http://hl7.org/fhir/search-entry-mode,4.0.1,active,"2.16.840.1.113883.4.642.4.623",SearchEntryMode,SearchEntryMode,"Why an entry is in the result set - whether it's included as a match or because of an _include requirement, or to convey information or warning information about the search process.","ValueSet/search-entry-mode"
http://hl7.org/fhir/specimen-status,4.0.1,draft,"2.16.840.1.113883.4.642.4.472",SpecimenStatus,SpecimenStatus,"Codes providing the status/availability of a specimen.","ValueSet/specimen-status"
http://hl7.org/fhir/substance-status,4.0.1,draft,"2.16.840.1.113883.4.642.4.475",FHIRSubstanceStatus,FHIRSubstanceStatus,"A code to indicate if the substance is actively used.","ValueSet/substance-status"
http://loinc.org,3.1.0,active,"2.16.840.1.113883.6.1",LOINC,Logical Observation Identifiers, Names and Codes (LOINC),"LOINC provides a set of universal names and ID codes for identifying laboratory and clinical test results.1,2 LOINC facilitates the exchange and pooling of results, such as blood hemoglobin, serum potassium, or vital signs, for clinical care, outcomes management, and research. LOINC's universal identifiers (names and codes) can be used in the context of order and observation exchanges between information systems that use syntax standards such as HL73, CEN TC251, ISO TC215, ASTM4, and DICOM. Specifically, the identifier can be used as the coded value for an observation in any other standard that uses the observation/observation value paradigm, whether messages, documents, application programming interface (API), etc. For example, LOINC codes are used widely in the OBX segment Observation Identifier field (OBX-3) of an ORU HL7 (HL7 version 2.x or ASTM 1238-9410) message that may be sent between a Clinical Laboratory Information Management Systems (LIMS) and Electronic Health Record Systems (EHR).5, 6 In this way, LOINC codes provide universal identifiers that allow the exchange of clinical data between heterogeneous computing environments.","ValueSet/report-type,ValueSet/loinc-type-doc-code,ValueSet/pat-ast,ValueSet/report-codes,ValueSet/specime-type,ValueSet/null,ValueSet/observation-codes,ValueSet/gene-test-code,ValueSet/dna-change-type"
http://snomed.info/sct,null,active,"2.16.840.1.113883.6.96",SNOMED_CT,SNOMED CT (all versions),"SNOMED CT is the most comprehensive and precise clinical health terminology product in the world, owned and distributed around the world by The International Health Terminology Standards Development Organisation (IHTSDO).","ValueSet/bodysite-laterality,ValueSet/clinical-findings,ValueSet/encounter-reason,ValueSet/specimen-container-type,ValueSet/additional-instruction-codes,ConceptMap/nhi-sct-body-site,ValueSet/approach-site-codes,ValueSet/procedure-followup,ValueSet/specimen-collection-method,ValueSet/device-action,ValueSet/medication-codes,ValueSet/body-site,ValueSet/medication-as-needed-reason,ValueSet/device-kind,ValueSet/performer-role,ValueSet/health-professional-sct-tw,ValueSet/c80-facilitycodes,ValueSet/referencerange-appliesto,ValueSet/c80-practice-codes,ValueSet/medication-path-sct-tw,ValueSet/substance-code,ValueSet/procedure-reason,ValueSet/procedure-outcome,ValueSet/procedure-category,ValueSet/cancer-stage,ValueSet/condition-code,ValueSet/media-view,ValueSet/medical-department-sct-tw,ValueSet/sct-body-site,ValueSet/procedure-not-performed-reason,ValueSet/observation-methods,ValueSet/administration-method-codes"
http://terminology.hl7.org/CodeSystem/FDI-surface,1.0.0,draft,"2.16.840.1.113883.4.642.1.1154",SurfaceCodes,Surface Codes,"This value set includes a smattering of FDI tooth surface codes.","ValueSet/surface"
http://terminology.hl7.org/CodeSystem/adjudication,1.0.0,draft,"2.16.840.1.113883.4.642.1.1171",AdjudicationValueCodes,Adjudication Value Codes,"This value set includes a smattering of Adjudication Value codes which includes codes to indicate the amounts eligible under the plan, the amount of benefit, copays etc.","ValueSet/adjudication"
http://terminology.hl7.org/CodeSystem/adjudication-error,1.0.0,draft,"2.16.840.1.113883.4.642.1.1053",AdjudicationErrorCodes,Adjudication Error Codes,"This value set includes a smattering of adjudication codes.","ValueSet/adjudication-error"
http://terminology.hl7.org/CodeSystem/admit-source,1.0.0,draft,"2.16.840.1.113883.4.642.1.1092",AdmitSource,Admit source,"This value set defines a set of codes that can be used to indicate from where the patient came in.","ValueSet/encounter-admit-source"
http://terminology.hl7.org/CodeSystem/claim-exception,1.0.0,draft,"2.16.840.1.113883.4.642.1.1162",ExceptionCodes,Exception Codes,"This value set includes sample Exception codes.","ValueSet/claim-exception"
http://terminology.hl7.org/CodeSystem/claim-type,1.0.0,draft,"2.16.840.1.113883.4.642.1.1156",ClaimTypeCodes,Claim Type Codes,"This value set includes Claim Type codes.","ValueSet/claim-type"
http://terminology.hl7.org/CodeSystem/claimcareteamrole,1.0.0,draft,"2.16.840.1.113883.4.642.1.1165",ClaimCareTeamRoleCodes,Claim Care Team Role Codes,"Claim roles of the care team members providing products and services.","ValueSet/claim-careteamrole"
http://terminology.hl7.org/CodeSystem/contactentity-type,1.0.0,draft,"2.16.840.1.113883.4.642.1.1129",ContactEntityType,Contact entity type,"This example value set defines a set of codes that can be used to indicate the purpose for which you would contact a contact party.","ValueSet/contactentity-type"
http://terminology.hl7.org/CodeSystem/coverage-class,1.0.0,draft,"2.16.840.1.113883.4.642.1.1147",CoverageClassCodes,Coverage Class Codes,"This value set includes Coverage Class codes.","ValueSet/coverage-class"
http://terminology.hl7.org/CodeSystem/coverage-copay-type,1.0.0,draft,"2.16.840.1.113883.4.642.1.1149",CoverageCopayTypeCodes,Coverage Copay Type Codes,"This value set includes sample Coverage Copayment Type codes.","ValueSet/coverage-copay-type"
http://terminology.hl7.org/CodeSystem/coverage-selfpay,1.0.0,draft,"2.16.840.1.113883.4.642.1.1148",CoverageSelfPayCodes,Coverage SelfPay Codes,"This value set includes Coverage SelfPay codes.","ValueSet/coverage-type"
http://terminology.hl7.org/CodeSystem/data-absent-reason,1.0.0,active,"2.16.840.1.113883.4.642.4.1048",DataAbsentReason,DataAbsentReason,"Used to specify why the normally expected content of the data element is missing.","ValueSet/data-absent-reason"
http://terminology.hl7.org/CodeSystem/diagnosis-role,1.1.0,draft,"2.16.840.1.113883.4.642.1.1054",DiagnosisRole,Diagnosis Role,"This value set defines a set of codes that can be used to express the role of a diagnosis on the Encounter or EpisodeOfCare record.","ValueSet/diagnosis-role"
http://terminology.hl7.org/CodeSystem/diet,1.0.0,draft,"2.16.840.1.113883.4.642.1.1091",Diet,Diet,"This value set defines a set of codes that can be used to indicate dietary preferences or restrictions a patient may have.","ValueSet/encounter-diet"
http://terminology.hl7.org/CodeSystem/discharge-disposition,1.0.0,draft,"2.16.840.1.113883.4.642.1.1093",DischargeDisposition,Discharge disposition,"This value set defines a set of codes that can be used to where the patient left the hospital.","ValueSet/encounter-discharge-disposition"
http://terminology.hl7.org/CodeSystem/dose-rate-type,1.0.0,draft,"2.16.840.1.113883.4.642.1.1069",DoseAndRateType,DoseAndRateType,"The kind of dose or rate specified.","ValueSet/dose-rate-type"
http://terminology.hl7.org/CodeSystem/encounter-special-arrangements,1.0.0,draft,"2.16.840.1.113883.4.642.1.1090",SpecialArrangements,Special arrangements,"This value set defines a set of codes that can be used to indicate the kinds of special arrangements in place for a patients visit.","ValueSet/encounter-special-arrangements"
http://terminology.hl7.org/CodeSystem/encounter-type,1.0.0,draft,"2.16.840.1.113883.4.642.1.1088",EncounterType,Encounter type,"This example value set defines a set of codes that can be used to indicate the type of encounter: a specific code indicating type of service provided.","ValueSet/encounter-type"
http://terminology.hl7.org/CodeSystem/ex-USCLS,1.0.0,draft,"2.16.840.1.113883.4.642.1.1153",USCLSCodes,USCLS Codes,"This value set includes a smattering of USCLS codes.","ValueSet/service-uscls"
http://terminology.hl7.org/CodeSystem/ex-benefitcategory,1.0.0,draft,"2.16.840.1.113883.4.642.1.1175",BenefitCategoryCodes,Benefit Category Codes,"This value set includes examples of Benefit Category codes.","ValueSet/ex-benefitcategory"
http://terminology.hl7.org/CodeSystem/ex-claimsubtype,1.0.0,draft,"2.16.840.1.113883.4.642.1.1158",ExampleClaimSubTypeCodes,Example Claim SubType Codes,"This value set includes sample Claim SubType codes which are used to distinguish the claim types for example within type institutional there may be subtypes for emergency services, bed stay and transportation.","ValueSet/claim-subtype"
http://terminology.hl7.org/CodeSystem/ex-coverage-financial-exception,1.0.0,draft,"2.16.840.1.113883.4.642.1.1329",ExampleCoverageFinancialExceptionCodes,Example Coverage Financial Exception Codes,"This value set includes Example Coverage Financial Exception Codes.","ValueSet/coverage-financial-exception"
http://terminology.hl7.org/CodeSystem/ex-diagnosis-on-admission,1.0.0,draft,"2.16.840.1.113883.4.642.1.1170",ExampleDiagnosisOnAdmissionCodes,Example Diagnosis on Admission Codes,"This value set includes example Diagnosis on Admission codes.","ValueSet/ex-diagnosis-on-admission"
http://terminology.hl7.org/CodeSystem/ex-diagnosisrelatedgroup,1.0.0,draft,"2.16.840.1.113883.4.642.1.1166",ExampleDiagnosisRelatedGroupCodes,Example Diagnosis Related Group Codes,"This value set includes example Diagnosis Related Group codes.","ValueSet/ex-diagnosisrelatedgroup"
http://terminology.hl7.org/CodeSystem/ex-diagnosistype,1.0.0,draft,"2.16.840.1.113883.4.642.1.1167",ExampleDiagnosisTypeCodes,Example Diagnosis Type Codes,"This value set includes example Diagnosis Type codes.","ValueSet/ex-diagnosistype"
http://terminology.hl7.org/CodeSystem/ex-paymenttype,1.0.0,draft,"2.16.840.1.113883.4.642.1.1181",ExamplePaymentTypeCodes,Example Payment Type Codes,"This value set includes example Payment Type codes.","ValueSet/ex-paymenttype"
http://terminology.hl7.org/CodeSystem/ex-procedure-type,1.0.0,draft,"2.16.840.1.113883.4.642.1.1388",ExampleProcedureTypeCodes,Example Procedure Type Codes,"This value set includes example Procedure Type codes.","ValueSet/ex-procedure-type"
http://terminology.hl7.org/CodeSystem/ex-programcode,1.0.0,draft,"2.16.840.1.113883.4.642.1.1161",ExampleProgramReasonCodes,Example Program Reason Codes,"This value set includes sample Program Reason Span codes.","ValueSet/ex-program-code"
http://terminology.hl7.org/CodeSystem/ex-providerqualification,1.0.0,draft,"2.16.840.1.113883.4.642.1.1160",ExampleProviderQualificationCodes,Example Provider Qualification Codes,"This value set includes sample Provider Qualification codes.","ValueSet/provider-qualification"
http://terminology.hl7.org/CodeSystem/ex-relatedclaimrelationship,1.0.0,draft,"2.16.840.1.113883.4.642.1.1159",ExampleRelatedClaimRelationshipCodes,Example Related Claim Relationship Codes,"This value set includes sample Related Claim Relationship codes.","ValueSet/related-claim-relationship"
http://terminology.hl7.org/CodeSystem/ex-revenue-center,1.0.0,draft,"2.16.840.1.113883.4.642.1.1168",ExampleRevenueCenterCodes,Example Revenue Center Codes,"This value set includes sample Revenue Center codes.","ValueSet/ex-revenue-center"
http://terminology.hl7.org/CodeSystem/ex-serviceplace,1.0.0,draft,"2.16.840.1.113883.4.642.1.1157",ExampleServicePlaceCodes,Example Service Place Codes,"This value set includes a smattering of Service Place codes.","ValueSet/service-place"
http://terminology.hl7.org/CodeSystem/ex-tooth,1.0.0,draft,"2.16.840.1.113883.4.642.1.1152",OralSiteCodes,Oral Site Codes,"This value set includes a smattering of FDI oral site codes.","ValueSet/tooth"
http://terminology.hl7.org/CodeSystem/forms-codes,1.0.0,draft,"2.16.840.1.113883.4.642.1.1052",FormCodes,Form Codes,"This value set includes a sample set of Forms codes.","ValueSet/forms"
http://terminology.hl7.org/CodeSystem/fundsreserve,1.0.0,draft,"2.16.840.1.113883.4.642.1.1051",FundsReservationCodes,Funds Reservation Codes,"This value set includes sample funds reservation type codes.","ValueSet/fundsreserve"
http://terminology.hl7.org/CodeSystem/location-physical-type,2.0.0,draft,"2.16.840.1.113883.4.642.1.1108",LocationType,Location type,"This example value set defines a set of codes that can be used to indicate the physical form of the Location.  This includes several 'non physical' codes which are still considered a location.","ValueSet/location-physical-type"
http://terminology.hl7.org/CodeSystem/media-modality,4.0.1,draft,"2.16.840.1.113883.4.642.4.1109",MediaModality,Media Modality,"Detailed information about the type of the image - its kind, purpose, or the kind of equipment used to generate it.","ValueSet/media-modality"
http://terminology.hl7.org/CodeSystem/media-type,4.0.1,draft,"2.16.840.1.113883.4.642.1.326",MediaType,Media Type,"Codes for high level media categories.","ValueSet/media-type"
http://terminology.hl7.org/CodeSystem/medicationrequest-category,1.0.0,draft,"2.16.840.1.113883.4.642.1.1323",MedicationRequestCategoryCodes,MedicationRequest Category Codes,"MedicationRequest Category Codes","ValueSet/medicationrequest-category"
http://terminology.hl7.org/CodeSystem/medicationrequest-course-of-therapy,1.0.0,draft,"2.16.840.1.113883.4.642.1.1327",MedicationRequestCourseOfTherapyCodes,MedicationRequest Course of Therapy Codes,"MedicationRequest Course of Therapy Codes","ValueSet/medicationrequest-course-of-therapy"
http://terminology.hl7.org/CodeSystem/medicationrequest-status-reason,1.0.0,draft,"2.16.840.1.113883.4.642.1.1325",MedicationRequestStatusReasonCodes,MedicationRequest Status Reason Codes,"MedicationRequest Status Reason Codes","ValueSet/medicationrequest-status-reason"
http://terminology.hl7.org/CodeSystem/missingtoothreason,1.0.0,draft,"2.16.840.1.113883.4.642.1.1150",MissingToothReasonCodes,Missing Tooth Reason Codes,"This value set includes sample Missing Tooth Reason codes.","ValueSet/missing-tooth-reason"
http://terminology.hl7.org/CodeSystem/modifiers,1.0.0,draft,"2.16.840.1.113883.4.642.1.1151",ModifierTypeCodes,Modifier type Codes,"This value set includes sample Modifier type codes.","ValueSet/claim-modifiers"
http://terminology.hl7.org/CodeSystem/observation-category,1.0.0,draft,"2.16.840.1.113883.4.642.1.1125",ObservationCategoryCodes,Observation Category Codes,"Observation Category codes.","ValueSet/observation-category"
http://terminology.hl7.org/CodeSystem/operation-outcome,3.0.0,draft,"2.16.840.1.113883.4.642.1.1127",OperationOutcomeCodes,Operation Outcome Codes,"Operation Outcome codes used by FHIR test servers (see Implementation file translations.xml)","ValueSet/operation-outcome"
http://terminology.hl7.org/CodeSystem/organization-type,2.0.0,draft,"2.16.840.1.113883.4.642.1.1128",OrganizationType,Organization type,"This example value set defines a set of codes that can be used to indicate a type of organization.","ValueSet/organization-type"
http://terminology.hl7.org/CodeSystem/participant-type,1.0.0,draft,"2.16.840.1.113883.4.642.1.1089",ParticipantType,Participant type,"This value set defines a set of codes that can be used to indicate how an individual participates in an encounter.","ValueSet/encounter-participant-type"
http://terminology.hl7.org/CodeSystem/payeetype,1.0.0,draft,"2.16.840.1.113883.4.642.1.1050",ClaimPayeeTypeCodes,Payee Type Codes,"Codes indicating the type of party to be reimbursed for cost of products and services.","ValueSet/payeetype"
http://terminology.hl7.org/CodeSystem/payment-adjustment-reason,1.0.0,draft,"2.16.840.1.113883.4.642.1.1173",PaymentAdjustmentReasonCodes,Payment Adjustment Reason Codes,"This value set includes smattering of Payment Adjustment Reason codes.","ValueSet/payment-adjustment-reason"
http://terminology.hl7.org/CodeSystem/referencerange-meaning,1.0.0,draft,"2.16.840.1.113883.4.642.1.1124",ObservationReferenceRangeMeaningCodes,Observation Reference Range Meaning Codes,"This value set defines a set of codes that can be used to indicate the meaning/use of a reference range for a particular target population.","ValueSet/referencerange-meaning"
http://terminology.hl7.org/CodeSystem/subscriber-relationship,1.0.0,draft,"2.16.840.1.113883.4.642.1.1386",SubscriberRelationshipCodes,SubscriberPolicyholder Relationship Codes,"This value set includes codes for the relationship between the Subscriber and the Beneficiary (insured/covered party/patient).","ValueSet/subscriber-relationship"
http://terminology.hl7.org/CodeSystem/substance-category,1.0.0,draft,"2.16.840.1.113883.4.642.1.1138",SubstanceCategoryCodes,Substance Category Codes,"Substance category codes","ValueSet/substance-category"
http://terminology.hl7.org/CodeSystem/v2-0074,2.5.0,active,"2.16.840.1.113883.18.29",DiagnosticServiceSectionId,diagnosticServiceSectionId,"HL7-defined code system of concepts which specify a section of a diagnostic service where the observation may be performed.  Used in HL7 Version 2.x messaging in the OBR and OM4 segments.","ValueSet/diagnostic-service-sections"
http://terminology.hl7.org/CodeSystem/v2-0092,2.1.0,active,"2.16.840.1.113883.18.36",ReAdmissionIndicator,re-admissionIndicator,"Code system of concepts which are used to specify that a patient is being re admitted to a healthcare facilityin from which they were discharged, and indicates the circumstances around such re-admission.  Used in HL7 Version 2.x messagine in the PV1 segment.","ValueSet/v2-0092"
http://terminology.hl7.org/CodeSystem/v2-0131,2.1.0,active,"2.16.840.1.113883.18.58",ContactRole2,contactRole2,"Code system of concepts which specify a relationship role that the next of kin/associated parties plays with regard to the patient. Also used in referrals, for example, it may be necessary to identify the contact representative at the clinic that sent a referral. Used in HL7 Version 2 messaging in the NK1 and CTD segments after 2.5, when it replace 2.16.840.1.113883.18.57.","ValueSet/relatedperson-relationshiptype"
http://terminology.hl7.org/CodeSystem/v2-0203,5.0.0,active,"2.16.840.1.113883.18.108",IdentifierType,identifierType,"HL7-defined code system of concepts specifying type of identifier. Used in HL7 Version 2.x messaging data types CX, PLN, PPN, XCN and XON.","ValueSet/identifier-type,ValueSet/identifier-type-tw"
http://terminology.hl7.org/CodeSystem/v2-0371,2.1.0,active,"2.16.840.1.113883.18.229",AdditivePreservative,additivePreservative,"HL7-defined code system of concepts specifying any additive introduced to the specimen before or at the time of collection.  These additives may be introduced in order to preserve, maintain or enhance the particular nature or component of the specimen.  Used in HL7 Version 2.x messaging in the SPM and SAC segments.","ValueSet/v2-0371"
http://terminology.hl7.org/CodeSystem/v2-0373,2.1.0,active,"2.16.840.1.113883.18.231",Treatment,treatment,"Code system of concepts that identify the specimen treatment performed during lab processing.  Used in the Interaction Specimen Container Detail (SAC) segment in HL7 Version 2.x messaging.","ValueSet/specimen-processing-procedure"
http://terminology.hl7.org/CodeSystem/v2-0493,2.2.0,active,"2.16.840.1.113883.18.317",SpecimenCondition,specimenCondition,"Code system of concepts specifying a mode or state of being that describes the nature of the specimen.  Used in HL7 Version 2.x messaging in the SPM segment.","ValueSet/v2-0493"
http://terminology.hl7.org/CodeSystem/v2-0916,2.2.0,active,"2.16.840.1.113883.18.422",RelevantClincialInformation,relevantClincialInformation,"Code system of concepts specifying additional clinical information about the patient or specimen to report the supporting and/or suspected diagnosis and clinical findings on requests for interpreted diagnostic studies. Used in HL7 Version 2.x messaging in the OBR segment.","ValueSet/v2-0916"
http://terminology.hl7.org/CodeSystem/v3-ActCode,9.0.0,active,"2.16.840.1.113883.5.4",ActCode,ActCode,"A code specifying the particular kind of Act that the Act-instance represents within its class.    *Constraints:* The kind of Act (e.g. physical examination, serum potassium, inpatient encounter, charge financial transaction, etc.) is specified with a code from one of several, typically external, coding systems. The coding system will depend on the class of Act, such as LOINC for observations, etc.    Conceptually, the Act.code must be a specialization of the Act.classCode. This is why the structure of ActClass domain should be reflected in the superstructure of the ActCode domain and then individual codes or externally referenced vocabularies subordinated under these domains that reflect the ActClass structure.    Act.classCode and Act.code are not modifiers of each other but the Act.code concept should really imply the Act.classCode concept. For a negative example, it is not appropriate to use an Act.code ""potassium"" together with and Act.classCode for ""laboratory observation"" to somehow mean ""potassium laboratory observation"" and then use the same Act.code for ""potassium"" together with Act.classCode for ""medication"" to mean ""substitution of potassium"". This mutually modifying use of Act.code and Act.classCode is not permitted.","ValueSet/v3-ActIncidentCode,ValueSet/v3-ActCode,ValueSet/v3-ActEncounterCode"
http://terminology.hl7.org/CodeSystem/v3-ActPriority,3.0.0,active,"2.16.840.1.113883.5.7",ActPriority,ActPriority,"A set of codes (e.g., for routine, emergency), specifying the urgency under which the Act happened, can happen, is happening, is intended to happen, or is requested/demanded to happen.","ValueSet/v3-ActPriority"
http://terminology.hl7.org/CodeSystem/v3-ActReason,3.1.0,active,"2.16.840.1.113883.5.8",ActReason,ActReason,"A set of codes specifying the motivation, cause, or rationale of an Act, when such rationale is not reasonably represented as an ActRelationship of type ""has reason"" linking to another Act.    *Examples:* Example reasons that might qualify for being coded in this field might be: ""routine requirement"", ""infectious disease reporting requirement"", ""on patient request"", ""required by law"".","ValueSet/v3-SubstanceAdminSubstitutionReason"
http://terminology.hl7.org/CodeSystem/v3-EncounterSpecialCourtesy,3.0.0,active,"2.16.840.1.113883.5.40",EncounterSpecialCourtesy,EncounterSpecialCourtesy,"**** MISSING DESCRIPTION ****","ValueSet/encounter-special-courtesy"
http://terminology.hl7.org/CodeSystem/v3-GTSAbbreviation,3.0.0,active,"2.16.840.1.113883.5.1022",GTSAbbreviation,GTSAbbreviation,"*Open Issue:* It appears that the printnames are suboptimal and should be improved for many of the existing codes.","ValueSet/medication-frequency-hl7-nhi"
http://terminology.hl7.org/CodeSystem/v3-MaritalStatus,3.0.0,active,"2.16.840.1.113883.5.2",MaritalStatus,MaritalStatus,"\* \* \* No description supplied \* \* \*    *Open Issue:* The specific meanings of these codes can vary somewhat by jurisdiction and implementation so caution should be used when determining equivalency.    *Open Issue:* fixing and completion of the hierarchy and proper good definitions of all the concepts is badly needed.","ValueSet/marital-status"
http://terminology.hl7.org/CodeSystem/v3-NullFlavor,3.0.0,active,"2.16.840.1.113883.5.1008",NullFlavor,NullFlavor,"A collection of codes specifying why a valid value is not present.","ValueSet/marital-status,ValueSet/encounter-special-courtesy"
http://terminology.hl7.org/CodeSystem/v3-ObservationInterpretation,3.0.0,active,"2.16.840.1.113883.5.83",ObservationInterpretation,ObservationInterpretation,"One or more codes providing a rough qualitative interpretation of the observation, such as ""normal"" / ""abnormal"", ""low"" / ""high"", ""better"" / ""worse"", ""resistant"" / ""susceptible"", ""expected"" / ""not expected"". The value set is intended to be for ANY use where coded representation of an interpretation is needed.","ValueSet/observation-interpretation"
http://terminology.hl7.org/CodeSystem/v3-ParticipationType,5.0.0,active,"2.16.840.1.113883.5.90",ParticipationType,ParticipationType,"A code specifying the meaning and purpose of every Participation instance. Each of its values implies specific constraints on the Roles undertaking the participation.","ValueSet/series-performer-function,ValueSet/encounter-participant-type"
http://terminology.hl7.org/CodeSystem/v3-RoleCode,3.0.0,active,"2.16.840.1.113883.5.111",RoleCode,RoleCode,"A set of codes further specifying the kind of Role; specific classification codes for further qualifying RoleClass codes.","ValueSet/relatedperson-relationshiptype"
http://terminology.hl7.org/CodeSystem/v3-TimingEvent,3.0.0,active,"2.16.840.1.113883.5.139",TimingEvent,TimingEvent,"**** MISSING DESCRIPTION ****","ValueSet/event-timing"
http://terminology.hl7.org/CodeSystem/v3-substanceAdminSubstitution,3.0.0,active,"2.16.840.1.113883.5.1070",SubstanceAdminSubstitution,Substance Admin Substitution,"Identifies what sort of change is permitted or has occurred between the therapy that was ordered and the therapy that was/will be provided.","ValueSet/v3-ActSubstanceAdminSubstitutionCode"
http://unitsofmeasure.org,3.0.1,active,"2.16.840.1.113883.6.8",UCUM,Unified Code for Units of Measure (UCUM),"The Unified Code for Units of Measure (UCUM) is a code system intended to include all units of measures being contemporarily used in international science, engineering, and business. The purpose is to facilitate unambiguous electronic communication of quantities together with their units. The focus is on electronic communication, as opposed to communication between humans. A typical application of The Unified Code for Units of Measure are electronic data interchange (EDI) protocols, but there is nothing that prevents it from being used in other types of machine communication.","ValueSet/ucum-units,ValueSet/units-of-time"
http://www.nlm.nih.gov/research/umls/rxnorm,3.0.1,active,"2.16.840.1.113883.6.88",RxNorm,RxNorm,"RxNorm provides normalized names for clinical drugs and links its names to many of the drug vocabularies commonly used in pharmacy management and drug interaction software, including those of First Databank, Micromedex, and Gold Standard Drug Database. By providing links between these vocabularies, RxNorm can mediate messages between systems not using the same software and vocabulary. RxNorm now includes the United States Pharmacopeia (USP) Compendial Nomenclature from the United States Pharmacopeial Convention. USP is a cumulative data set of all Active Pharmaceutical Ingredients (API).","ValueSet/medication-rxnorm-tw"
http://www.whocc.no/atc,2.0.1,active,"2.16.840.1.113883.6.73",WC,WHO ATC,"WHO ATC","ValueSet/medcation-atc-tw"
https://nhicore.nhi.gov.tw/pas/CodeSystem/inca-osiris,1.0.6,active,,INCaOsiris,INCa-健保事前審查-基因突變類型,"INCa-健保事前審查-基因突變類型，資料所屬單位：Institut National du Cancer (INCa)，參照至：https://github.com/InstitutNationalduCancer/OSIRIS。","ValueSet/dna-change-type"
https://nhicore.nhi.gov.tw/pas/CodeSystem/medication-frequency-nhi-tw,1.0.6,active,,NHIMedicationFrequency,NHI-健保事前審查-藥品使用頻率,"NHI-健保事前審查-藥品使用頻率，參照至[健保署檔案譯碼簿](https://www.nhi.gov.tw/ch/cp-1880-20811-3142-1.html)中的「藥品使用頻率（2022/8/2版本）」。  代碼出版日期：2024-05-27；資料所屬單位：衛生福利部中央健康保險署。  *因原始資料無代碼版本資訊，故使用其「更新日期」作為版本資訊。*","ValueSet/medication-frequency-hl7-nhi"
https://nhicore.nhi.gov.tw/pas/CodeSystem/nci-thesaurus,1.0.6,active,,NciThesaurus,NCI 健保事前審查-Thesaurus,"NCI 健保事前審查-Thesaurus，參照至http://ncicb.nci.nih.gov/xml/owl/EVS/Thesaurus.owl   代碼出版日期：2022-10-13。","ValueSet/cancer-stage-score,ValueSet/cancer-stage"
https://nhicore.nhi.gov.tw/pas/CodeSystem/nhi-acceptance-status,1.0.6,active,,NHIAcceptanceStatus,NHI-健保事前審查-案件受理狀態,"臺灣衛生福利部中央健康保險署「案件受理狀態」代碼，代碼出版日期：2025-07-01；資料所屬單位：臺灣衛生福利部中央健康保險署。","ValueSet/nhi-acceptance-status"
https://nhicore.nhi.gov.tw/pas/CodeSystem/nhi-apply-reason,1.0.6,active,,NHIApplyReason,NHI-健保事前審查-給付適應症,"臺灣衛生福利部中央健康保險署「給付適應症」代碼，代碼出版日期：2025-07-01；資料所屬單位：臺灣衛生福利部中央健康保險署。","ValueSet/nhi-apply-reason"
https://nhicore.nhi.gov.tw/pas/CodeSystem/nhi-apply-side,1.0.6,active,,NHIApplySide,NHI-健保事前審查-申請部位,"臺灣衛生福利部中央健康保險署「申請部位」代碼，代碼出版日期：2025-07-01；資料所屬單位：臺灣衛生福利部中央健康保險署。","ValueSet/nhi-apply-side"
https://nhicore.nhi.gov.tw/pas/CodeSystem/nhi-apply-type,1.0.6,active,,NHIApplyType,NHI-健保事前審查-申報類別,"臺灣衛生福利部中央健康保險署「申報類別」代碼，代碼出版日期：2025-07-01；資料所屬單位：臺灣衛生福利部中央健康保險署。","ValueSet/nhi-apply-type"
https://nhicore.nhi.gov.tw/pas/CodeSystem/nhi-approve-comment,1.0.6,active,,NHIApproveComment,NHI-健保事前審查-核定註記,"臺灣衛生福利部中央健康保險署「核定註記」代碼，代碼出版日期：2025-07-01；資料所屬單位：臺灣衛生福利部中央健康保險署。","ValueSet/nhi-approve-item-comment,ValueSet/nhi-approve-claim-comment"
https://nhicore.nhi.gov.tw/pas/CodeSystem/nhi-body-site,1.0.6,active,,NHIBodySite,NHI-健保事前審查-身體部位,"臺灣衛生福利部中央健康保險署「身體部位」代碼，代碼出版日期：2025-07-01；資料所屬單位：臺灣衛生福利部中央健康保險署。","ValueSet/nhi-body-site,ConceptMap/nhi-sct-body-site"
https://nhicore.nhi.gov.tw/pas/CodeSystem/nhi-continuation-status,1.0.6,active,,NHIContinuationStatus,NHI-健保事前審查-續用註記,"臺灣衛生福利部中央健康保險署「續用註記」代碼，代碼出版日期：2025-07-01；資料所屬單位：臺灣衛生福利部中央健康保險署。","ValueSet/nhi-continuation-status"
https://nhicore.nhi.gov.tw/pas/CodeSystem/nhi-drug-category,1.0.6,active,,NHIDrugCategory,NHI-健保事前審查-藥物類型,"臺灣衛生福利部中央健康保險署「藥物類型」代碼，代碼出版日期：2025-07-01；資料所屬單位：臺灣衛生福利部中央健康保險署。","ValueSet/nhi-drug-category"
https://nhicore.nhi.gov.tw/pas/CodeSystem/nhi-line-of-therapy,1.0.6,active,,NHILOT,NHI-健保事前審查-用藥線別,"臺灣衛生福利部中央健康保險署「用藥線別」代碼，代碼出版日期：2025-07-01；資料所屬單位：臺灣衛生福利部中央健康保險署。","ValueSet/nhi-line-of-therapy"
https://nhicore.nhi.gov.tw/pas/CodeSystem/nhi-medication,1.0.6,active,,NHIMedicationCodes,NHI-健保事前審查-用藥品項,"NHI-健保事前審查-用藥品項，參照自[健保用藥品項](https://www.nhi.gov.tw/ch/lp-2466-1.html)中的「健保用藥品項114年4月查詢檔(帶走所有壓縮檔114.4.2更新)」。    代碼出版日期：2025-04-30；資料所屬單位：衛生福利部中央健康保險署。  *因原始資料無代碼版本資訊，故使用其「更新日期」作為版本資訊。*    因代碼量較大會使載入頁面時間較長，為方便使用者瀏覽，此處僅擷取部分代碼，相關代碼可至[健保用藥品項網路查詢服務](https://info.nhi.gov.tw/INAE3000/INAE3000S01)查閱","ValueSet/nhi-medication"
https://nhicore.nhi.gov.tw/pas/CodeSystem/nhi-order-type,1.0.6,active,,NHIOrderType,NHI-健保事前審查-醫令類別,"臺灣衛生福利部中央健康保險署「醫令類別」代碼，代碼出版日期：2025-07-01；資料所屬單位：臺灣衛生福利部中央健康保險署。","ValueSet/nhi-order-type"
https://nhicore.nhi.gov.tw/pas/CodeSystem/nhi-pat-ast,1.0.6,active,,PatAst,NHI-健保事前審查-病人狀態評估項目,"臺灣衛生福利部中央健康保險署「病人狀態評估項目」代碼，代碼出版日期：2025-07-01；資料所屬單位：臺灣衛生福利部中央健康保險署。","ValueSet/pat-ast"
https://nhicore.nhi.gov.tw/pas/CodeSystem/nhi-pdf-type,1.0.6,active,,NHIPDFType,NHI-健保事前審查-文件類型,"臺灣衛生福利部中央健康保險署「文件類型」代碼，代碼出版日期：2025-07-01；資料所屬單位：臺灣衛生福利部中央健康保險署。","ValueSet/nhi-pdf-type"
https://nhicore.nhi.gov.tw/pas/CodeSystem/nhi-supporting-info-type,1.0.6,active,,NHIPASSupportingInfoType,NHI-健保事前審查-補充資訊類別,"臺灣衛生福利部中央健康保險署「補充資訊類別」代碼，代碼出版日期：2025-07-01；資料所屬單位：臺灣衛生福利部中央健康保險署。","ValueSet/nhi-supporting-info-type"
https://nhicore.nhi.gov.tw/pas/CodeSystem/nhi-tmhb-type,1.0.6,active,,NHITMHBType,NHI-健保事前審查-申請案件類別,"臺灣衛生福利部中央健康保險署「申請案件類別」代碼，代碼出版日期：2025-07-01；資料所屬單位：臺灣衛生福利部中央健康保險署。","ValueSet/nhi-tmhb-type"
https://nhicore.nhi.gov.tw/pas/CodeSystem/nhi-tx-ast,1.0.6,active,,NHITreatmentAst,NHI-健保事前審查-治療後疾病狀態評估項目,"臺灣衛生福利部中央健康保險署「治療後疾病狀態評估項目」代碼，代碼出版日期：2025-07-01；資料所屬單位：臺灣衛生福利部中央健康保險署。","ValueSet/nhi-tx-ast"
https://nhicore.nhi.gov.tw/pas/CodeSystem/organization-identifier-tw,1.0.6,active,,NHIOrganization,NHI-健保事前審查-特約醫事機構,"臺灣衛生福利部中央健康保險署「特約醫事機構」代碼，參照至[衛福部健保署特約醫事機構代碼網路查詢服務](https://www.nhi.gov.tw/ch/cp-5548-135e8-2931-1.html)中的[健保特約醫療院所名冊](https://info.nhi.gov.tw/IODE0000/IODE0000S09?id=1120)  代碼出版日期：2024-04-22；資料所屬單位：衛生福利部中央健康保險署。  *因原始資料無代碼版本資訊，故使用其「更新日期」作為版本資訊。*","ValueSet/nhi-organization"
https://twcore.mohw.gov.tw/ig/twcore/CodeSystem/health-professional-tw,2022-01-28,active,,TWHealthProfessional,臺灣醫事司醫事人員類別,"臺灣醫事司醫事人員類別，參照至[醫事人員基本資料檔](https://www.google.com/url?client=internal-element-cse&cx=012254495936870409035:lzvyrg0mtim&q=https://www.mohw.gov.tw/dl-40452-1441ca2e-cde9-4345-b681-f9a20d5176b5.html&sa=U&ved=2ahUKEwjg5MCYrZn5AhUTI6YKHV6mC_s4FBAWegQIBBAC&usg=AOvVaw1q62t2W0hhdi0WC6e_nh1m)中的「人員類別（2022/01/28修訂）」。  代碼出版日期：2022-01-28；資料所屬單位：衛生福利部醫事司。  *因原始資料無代碼版本資訊，故使用其「更新日期」作為版本資訊。*","ValueSet/health-professional-sct-tw"
https://twcore.mohw.gov.tw/ig/twcore/CodeSystem/icd-10-cm-2014-tw,2017-07-19,active,,TW2014ICD10CM,臺灣健保署2014年中文版ICD-10-CM,"臺灣健保署2014年中文版ICD-10-CM，參照至[https://www.nhi.gov.tw/Content_List.aspx?n=3C0BD93EC042CC67&topn=23C660CAACAA159D](https://www.nhi.gov.tw/Content_List.aspx?n=3C0BD93EC042CC67&topn=23C660CAACAA159D)。    代碼出版日期：2022-07-29；資料所屬單位：衛生福利部中央健康保險署。    *因原始資料無代碼版本資訊，故使用其法規「公布日期」作為版本資訊。*    因代碼量較大會使載入頁面時間較長，為方便使用者瀏覽，此處(本頁、XML、JSON、TTL)僅擷取部分代碼，完整代碼可至[全國專門術語服務平臺－臺灣健保署2014年中文版ICD-10-CM](https://fhir.mohw.gov.tw/ts/codesystemRead.jsp?id=icd-10-cm-2014-tw&status=active&version=2017-07-19&metaId=1&codeStatus=use&show=Y)查閱","ValueSet/icd-10-cm-2014-tw"
https://twcore.mohw.gov.tw/ig/twcore/CodeSystem/icd-10-pcs-2014-tw,2017-07-19,active,,TW2014ICD10PCS,臺灣健保署2014年中文版ICD-10-PCS,"臺灣健保署2014年中文版ICD-10-PCS，參照至[2014年版_中文版ICD-10-CM/PCS](https://www.nhi.gov.tw/ch/cp-6073-50654-3053-1.html)中的「中文版ICD-10-PCS(112.05.09更新)」。   代碼出版日期：2014-07-17；資料所屬單位：衛生福利部中央健康保險署。  *因原始資料無代碼版本資訊，故使用其法規「公布日期」作為版本資訊。*  因代碼量較大會使載入頁面時間較長，為方便使用者瀏覽，此處(本頁、XML、JSON、TTL)僅擷取部分代碼，完整代碼可至[全國專門術語服務平臺－臺灣健保署2014年中文版ICD-10-PCS](https://fhir.mohw.gov.tw/ts/codesystemRead.jsp?id=icd-10-pcs-2014-tw&version=2017-07-19&metaId=1&status=active&codeStatus=use&show=Y)查閱  ","ValueSet/icd-10-pcs-2014-radiotherapy,ValueSet/icd-10-pcs-2014-tw,ValueSet/icd-10-pcs-2014-image"
https://twcore.mohw.gov.tw/ig/twcore/CodeSystem/icd-10-pcs-2021-tw,2022-07-29,active,,TW2021ICD10PCS,臺灣2021年中文版ICD-10-PCS,"臺灣2021年中文版ICD-10-PCS，參照至[https://www.nhi.gov.tw/Content_List.aspx?n=3C0BD93EC042CC67&topn=23C660CAACAA159D](https://www.nhi.gov.tw/Content_List.aspx?n=3C0BD93EC042CC67&topn=23C660CAACAA159D)。      代碼出版日期：2022-07-29；資料所屬單位：衛生福利部中央健康保險署。    *因原始資料無代碼版本資訊，故使用其法規「公布日期」作為版本資訊。*    因代碼量較大會使載入頁面時間較長，為方便使用者瀏覽，此處(本頁、XML、JSON、TTL)僅擷取部分代碼，完整代碼可至[全國專門術語服務平臺－臺灣健保署2021年中文版ICD-10-PCS](https://fhir.mohw.gov.tw/ts/codesystemRead.jsp?id=icd-10-pcs-2021-tw&status=active&version=2022-07-29&metaId=1&codeStatus=use&show=Y)查閱","ValueSet/icd-10-pcs-2021-tw"
https://twcore.mohw.gov.tw/ig/twcore/CodeSystem/medical-consultation-department-nhi-tw,2024-05-27,active,,TWMedicalConsultationDepartmentNHI,臺灣健保署就醫科別,"臺灣健保署就醫科別，參照至[健保署檔案譯碼簿](https://www.nhi.gov.tw/ch/cp-1880-20811-3142-1.html)中的「就醫科別（2022/8/2版本）」。  代碼出版日期：2024-05-27；資料所屬單位：衛生福利部中央健康保險署。  *因原始資料無代碼版本資訊，故使用其「更新日期」作為版本資訊。*","ValueSet/medical-consultation-department-tw"
https://twcore.mohw.gov.tw/ig/twcore/CodeSystem/medical-service-payment-tw,2024-11-29,active,,TWMedicalServicePayment,臺灣健保署醫療服務給付項目,"臺灣健保署醫療服務給付項目，參照至[全民健康保險醫療服務給付項目及支付標準](https://www.nhi.gov.tw/ch/cp-5943-f1cce-2821-1.html)中的「醫療服務給付項目(113.05.01生效) (113.04.23更新)」。    代碼出版日期：2022-07-01；資料所屬單位：衛生福利部中央健康保險署。  *因原始資料無代碼版本資訊，故使用其「生效日期」作為版本資訊。*  因代碼量較大會使載入頁面時間較長，為方便使用者瀏覽，此處(本頁、XML、JSON、TTL)僅擷取部分代碼，完整代碼可至[全國專門術語服務平臺－代碼系統(Code System)](https://fhir.mohw.gov.tw/ts/codesystem.jsp)查閱  ","ValueSet/laboratory-category-tw,ValueSet/procedure-tw"
https://twcore.mohw.gov.tw/ig/twcore/CodeSystem/medical-treatment-department-nhi-tw,2024-05-27,active,,TWMedicalTreatmentDepartmentNHI,臺灣健保署診療科別,"臺灣健保署診療科別，參照至[健保署檔案譯碼簿](https://www.nhi.gov.tw/ch/cp-1880-20811-3142-1.html)中的「診療科別（2022/8/2版本）」。     代碼出版日期：2024-05-27；資料所屬單位：衛生福利部中央健康保險署。  *因原始資料無代碼版本資訊，故使用其「更新日期」作為版本資訊。*","ValueSet/medical-treatment-department-tw"
https://twcore.mohw.gov.tw/ig/twcore/CodeSystem/medication-device-fda-tw,2024-06-06,active,,TWMedicationDeviceFDA,臺灣食藥署醫療器材許可證,"臺灣食藥署醫療器材許可證，參照自[https://data.fda.gov.tw/frontsite/data/DataAction.do?method=doDetail&infoId=68](https://data.fda.gov.tw/frontsite/data/DataAction.do?method=doDetail&infoId=68)    代碼出版日期：2022-08-08；資料所屬單位：衛生福利部食品藥物管理署。    *因原始資料無代碼版本資訊，故使用其「更新日期」作為版本資訊。*    因代碼量較大會使載入頁面時間較長，為方便使用者瀏覽，此處(本頁、XML、JSON、TTL)僅擷取部分代碼，完整代碼可至[全國專門術語服務平臺－臺灣食藥署醫療器材許可證](https://fhir.mohw.gov.tw/ts/codesystemRead.jsp?id=medication-device-fda-tw&status=active&version=2022-08-08&metaId=1&codeStatus=use&show=Y)查閱","ValueSet/medication-fda-tw"
https://twcore.mohw.gov.tw/ig/twcore/CodeSystem/medication-fda-tw,2024-06-20,active,,TWMedicationFDA,臺灣食藥署藥品許可證,"臺灣食藥署藥品許可證，參照自[https://data.fda.gov.tw/frontsite/data/DataAction.do?method=doDetail&infoId=36](https://data.fda.gov.tw/frontsite/data/DataAction.do?method=doDetail&infoId=36)    代碼出版日期：2022-08-03；資料所屬單位：衛生福利部食品藥物管理署。    *因原始資料無代碼版本資訊，故使用其「更新日期」作為版本資訊。*    因代碼量較大會使載入頁面時間較長，為方便使用者瀏覽，此處(本頁、XML、JSON、TTL)僅擷取部分代碼，完整代碼可至[全國專門術語服務平臺－臺灣食藥署藥品許可證](https://fhir.mohw.gov.tw/ts/codesystemRead.jsp?id=medication-fda-tw&status=active&version=2022-08-03&metaId=1&codeStatus=use&show=Y)查閱","ValueSet/medication-fda-tw"
https://twcore.mohw.gov.tw/ig/twcore/CodeSystem/medication-nhi-tw,2024-10-08,active,,TWMedicationNHI,臺灣健保署用藥品項,"臺灣健保署健保用藥品項代碼，參照自[健保用藥品項](https://www.nhi.gov.tw/ch/lp-2466-1.html)中的「健保用藥品項113年6月查詢檔(帶走所有壓縮檔113.5.24更新)」。    代碼出版日期：2024-06-13；資料所屬單位：衛生福利部中央健康保險署。  *因原始資料無代碼版本資訊，故使用其「更新日期」作為版本資訊。*    因代碼量較大會使載入頁面時間較長，為方便使用者瀏覽，此處僅擷取部分代碼，完整代碼可至[全國專門術語服務平臺－臺灣健保署用藥品項](https://fhir.mohw.gov.tw/ts/codesystemRead.jsp?id=medication-nhi-tw&status=active&version=2022-07-28&metaId=1&codeStatus=use&show=Y)查閱","ValueSet/medication-nhi-tw"
https://twcore.mohw.gov.tw/ig/twcore/CodeSystem/medication-path-tw,2024-06-04,active,,TWMedicationPath,臺灣健保署給藥途徑,"臺灣健保署給藥途徑，[健保署檔案譯碼簿](https://www.nhi.gov.tw/ch/cp-1880-20811-3142-1.html)中的「給藥途徑/作用部位（2022/8/2版本）」。    代碼出版日期：2024-06-04；資料所屬單位：衛生福利部中央健康保險署。  *因原始資料無代碼版本資訊，故使用其「更新日期」作為版本資訊。*","ValueSet/medication-path-sct-tw"
https://twcore.mohw.gov.tw/ig/twcore/CodeSystem/nhi-medication-ch-herb-tw,2024-05-31,active,,TWCHHerbMedicationNHI,臺灣健保署中藥用藥品項,"臺灣健保署中藥用藥品項，參照自[中藥用藥品項表](https://www.nhi.gov.tw/ch/cp-14300-03585-2467-1.html)中的「單方(113.06.01更新)」及「複方(113.04.01更新)」。 代碼出版日期：2024-05-31；資料所屬單位：衛生福利部中央健康保險署。  *因原始資料無代碼版本資訊，故使用其「更新日期」作為版本資訊。*    因代碼量較大會使載入頁面時間較長，為方便使用者瀏覽，此處僅擷取部分代碼，完整代碼可至[全國專門術語服務平臺－臺灣健保署中藥用藥品項](https://fhir.mohw.gov.tw/ts/codesystemRead.jsp?id=nhi-medication-ch-herb-tw&status=active&version=2024-05-31&metaId=1&codeStatus=use&show=Y)查閱查閱","ValueSet/nhi-medication-ch-herb-tw"
https://twcore.mohw.gov.tw/ig/twcore/CodeSystem/v2-0203,2022-07-31,active,,TWIdentifierType_V20203,臺灣衛福部資訊處識別碼類型,"臺灣衛福部資訊處識別碼類型，   代碼出版日期：2022-07-31；資料所屬單位：衛生福利部資訊處。   ","ValueSet/identifier-type-tw"
https://twcore.mohw.gov.tw/ig/twcore/ValueSet/icd-10-cm-2023-tw,2024-11-18,active,,TW2023ICD10CM,臺灣健保署2023年中文版ICD-10-CM,"臺灣健保署2023年中文版ICD-10-CM，參照至臺灣健保署2023年中文版ICD-10-CM，參照至[國際疾病分類第 10 版](https://www.nhi.gov.tw/ch/np-3049-1.html)，由於資料會隨代碼更新而變動，本資料的來源位置可能已更新為最新版代碼，原資料已被覆蓋。       代碼出版日期：2024-01-31；資料所屬單位：衛生福利部中央健康保險署。  *因原始資料無代碼版本資訊，故使用其法規「公布日期」作為版本資訊。*  因代碼量較大會使載入頁面時間較長，為方便使用者瀏覽，此處(本頁、XML、JSON、TTL)僅擷取部分代碼，完整代碼可至[全國專門術語服務平臺](https://fhir.mohw.gov.tw/ts/codesystem.jsp)查閱  ","ValueSet/icd-10-cm-2023-tw"
https://twcore.mohw.gov.tw/ig/twcore/ValueSet/icd-10-pcs-2023-tw,2024-11-18,active,,TW2023ICD10PCS,臺灣健保署2023年中文版ICD-10-PCS,"臺灣健保署2023年中文版ICD-10-PCS，參照至臺灣健保署2023年中文版ICD-10-PCS，參照至[國際疾病分類第 10 版](https://www.nhi.gov.tw/ch/np-3049-1.html)，由於資料會隨代碼更新而變動，本資料的來源位置可能已更新為最新版代碼，原資料已被覆蓋。       代碼出版日期：2024-11-18；資料所屬單位：衛生福利部中央健康保險署。  *因原始資料無代碼版本資訊，故使用其法規「公布日期」作為版本資訊。*  因代碼量較大會使載入頁面時間較長，為方便使用者瀏覽，此處(本頁、XML、JSON、TTL)僅擷取部分代碼，完整代碼可至[全國專門術語服務平臺](https://fhir.mohw.gov.tw/ts/codesystem.jsp)查閱  ","ValueSet/icd-10-pcs-2023-image,ValueSet/icd-10-pcs-2023-tw,ValueSet/icd-10-pcs-2023-radiotherapy"
urn:ietf:bcp:47,2.0.1,active,"2.16.840.1.113883.6.121",Ietf3066,Tags for the Identification of Languages,"Older value from OID registry.  Superceded; see recommendations in BCP-47.","ValueSet/languages"
